,model,evaluation,prompt_id,prompt,response,ideal,exact_match,contains,levenshtein_distance,score
0,vicuna-1-13b,2d_movement,1,"Please note: In the following EXERCISE, it is important that you only respond with a single line in the format (x, y). Imagine you are standing in a 2D coordinate grid at (0, 0) where coordinates are represented like (x, y). You are currently facing the positive y direction.

EXERCISE: If you take 3 steps backward, then take 1 step backward, what coordinate are you at?","RESULTS:(0, 1)","(0, -4)",False,False,10,0.2857142857142857
1,vicuna-1-13b,2d_movement,14,"Please note: In the following EXERCISE, it is important that you only respond with a single line in the format (x, y). Imagine you are standing in a 2D coordinate grid at (0, 0) where coordinates are represented like (x, y). You are currently facing the positive y direction.

EXERCISE: If you take 1 step backward, then take 2 steps forward, then take 5 steps backward, then turn 90 degrees left, what coordinate are you at?","SOLUTION:(5, 19)","(0, -4)",False,False,12,0.25
2,vicuna-1-13b,2d_movement,26,"Please note: In the following EXERCISE, it is important that you only respond with a single line in the format (x, y). Imagine you are standing in a 2D coordinate grid at (0, 0) where coordinates are represented like (x, y). You are currently facing the positive y direction.

EXERCISE: If you turn 90 degrees right, then turn 90 degrees left, then take 1 step forward, then take 3 steps backward, what coordinate are you at?","*Answer:(0, 3)","(0, -2)",False,False,10,0.2857142857142857
3,vicuna-1-13b,2d_movement,33,"Please note: In the following EXERCISE, it is important that you only respond with a single line in the format (x, y). Imagine you are standing in a 2D coordinate grid at (0, 0) where coordinates are represented like (x, y). You are currently facing the positive y direction.

EXERCISE: If you take 2 steps forward, then turn 90 degrees right, then take 5 steps backward, then turn 90 degrees right, then take 3 steps forward, then take 2 steps backward, what coordinate are you at?","[Note:You should assume that all movements are made in a straight line and do not take into account any obstacles or other factors that could affect your movement.]

SOLUTION: (3, 5)","(-5, 1)",False,False,179,0.016483516483516536
4,vicuna-1-13b,2d_movement,55,"Please note: In the following EXERCISE, it is important that you only respond with a single line in the format (x, y). Imagine you are standing in a 2D coordinate grid at (0, 0) where coordinates are represented like (x, y). You are currently facing the positive y direction.

EXERCISE: If you take 5 steps backward, then turn 90 degrees left, then take 2 steps forward, then take 5 steps backward, then take 5 steps forward, then turn 90 degrees left, then turn 90 degrees left, then take 3 steps backward, what coordinate are you at?","ANSWER:(x, y)

DONE.","(-5, -5)",False,False,18,0.09999999999999998
5,vicuna-1-13b,2d_movement,76,"Please note: In the following EXERCISE, it is important that you only respond with a single line in the format (x, y). Imagine you are standing in a 2D coordinate grid at (0, 0) where coordinates are represented like (x, y). You are currently facing the positive y direction.

EXERCISE: If you take 4 steps forward, then turn 90 degrees right, then turn 90 degrees left, then take 1 step forward, then turn 90 degrees left, then turn 90 degrees right, then take 2 steps backward, then turn 90 degrees left, then take 4 steps forward, then turn 90 degrees left, what coordinate are you at?","Answer:(4, 4)","(-4, 3)",False,False,9,0.3076923076923077
6,vicuna-1-13b,2d_movement,78,"Please note: In the following EXERCISE, it is important that you only respond with a single line in the format (x, y). Imagine you are standing in a 2D coordinate grid at (0, 0) where coordinates are represented like (x, y). You are currently facing the positive y direction.

EXERCISE: If you take 5 steps forward, then take 2 steps forward, then take 5 steps backward, then turn 90 degrees right, then take 2 steps forward, then take 3 steps forward, then turn 90 degrees left, then turn 90 degrees right, then take 1 step backward, then turn 90 degrees left, what coordinate are you at?","Answer:(5, 11)","(4, 2)",False,False,10,0.2857142857142857
7,vicuna-1-13b,2d_movement,94,"Please note: In the following EXERCISE, it is important that you only respond with a single line in the format (x, y). Imagine you are standing in a 2D coordinate grid at (0, 0) where coordinates are represented like (x, y). You are currently facing the positive y direction.

EXERCISE: If you take 4 steps backward, then turn 90 degrees right, then take 2 steps forward, then take 5 steps backward, then take 4 steps forward, then take 1 step forward, then turn 90 degrees right, then turn 90 degrees left, then take 5 steps backward, then turn 90 degrees right, then turn 90 degrees right, then turn 90 degrees right, what coordinate are you at?","Answer:(x, y)","(-3, -4)",False,False,11,0.15384615384615385
