,evaluation,score
0,2d_movement,0.7047619047619047
1,3d_globe_movement,0.006140243059509632
2,3d_object_manipulation,0.0658355298992193
3,GOL,0.10591329204680458
4,aba_mrpc_true_false,0.007288730325684933
5,abstract2title,0.2671113252169374
6,accounting_audit,0.0019911744289730082
7,actors-sequence,0.20767696455493115
8,adultery-state-laws,0.00408428459080924
9,afrikaans-lexicon,0.7
10,aime_evaluation,0.001170900146166054
11,algebra_word_problems,0.018768337192398767
12,alternate_numeral_systems,0.010337424915554371
13,ambiguous-sentences,0.026572953675098942
14,anagrams,0.17125796688615777
15,arc,0.08530966061256699
16,arithmetic-expression,0.005232944513292292
17,ascii-digit-recognition,0.005312724477566288
18,asl-classifiers,0.0023370344125607347
19,astro_eval,0.003544076885013603
20,atpl_exams,0.01438647559337215
21,automata-and-complexity,0.002626723568095568
22,balance_chemical_equation,0.12093953555661416
23,banking77,0.16825920690373145
24,benjaminmoore_to_hex,0.024449325178682545
25,bigrams,0.0010741833618056694
26,bitwise,0.2764524566880322
27,blackfoot-numerals-modern,0.003502260640539301
28,brazilian_laws,0.16091031188431676
29,building_floorplan,0.7857142857142857
30,cardinal-directions,0.5900000000000001
31,categorize_with_distractors,0.399877826956014
32,chinese-remainder-theorem,0.034627458927379985
33,chinese_zodiac,0.01839703982297607
34,cissp-study-questions,0.0014942606672515124
35,code_combination,0.5092347606853962
36,code_progress,0.017674184109735057
37,compare-countries-area,0.0713660025576673
38,complex_replace_characters,0.15866349923871895
39,comprehensive-graph-reasoning,0.12695439482086313
40,connect4,0.0011164902727948457
41,consensus_summary,0.13190145756775654
42,context-free-grammar,0.02597331033570981
43,convert-hex-hsl-lightness,0.9647058823529411
44,coqa,0.1954484006228306
45,count_intersections_polynomial,0.007695197303443657
46,count_token_freq_dna,0.03150195761660729
47,countries,0.0025457370982282955
48,crepe,0.02921447586728798
49,cricket_situations,0.1
50,crontab,0.3778687116376761
51,cube-pack,0.16114010989010985
52,date-booking,0.04787242972939855
53,date-calculator,0.18327436208158043
54,day-of-week-from-date,0.40971925133689846
55,decrypt_caesar_cipher,0.11984061984877788
56,determinant,0.03740435038252711
57,dhammapada-reference,0.01014314692090743
58,diabetes,0.0009684738953179339
59,diagrammatic_logic,0.002116192480997947
60,dice-rotation-sequence,0.0038518518518518507
61,direct-speech-tag,0.6896580699331345
62,directions,0.0360169322660131
63,dna_melting_calculation,0.009349173081221596
64,dutch-lexicon,0.5
65,dutch-rhymes,0.2219986631016043
66,emotional-intelligence,0.005806417137276476
67,escher_sentences,0.4
68,european_date_format_challenge,0.28812260536398465
69,event_categories,0.028458913088917247
70,fcc_amateur_extra,0.2070707070707071
71,finance_calc,0.0030045195864652928
72,find-letter,0.03237983494364229
73,find_country_from_svg,0.021928948948884797
74,finger-tracking,0.035472987057015626
75,finnish-rhyme,0.033864078992109935
76,first-letters,0.08206096539951943
77,food,0.825
78,forth_stack_sim,0.05955014576036488
79,french-lexicon,0.4
80,french-part-of-speech,0.12328975109857465
81,french_homonym_and_homograph,0.23333333333333334
82,game_theory,0.11804009599051057
83,gears_rotation,0.015820427323288477
84,geometry_puzzle,0.001506382929219696
85,german-part-of-speech,0.23710601404741
86,gpt-protocol-buffers,0.09736105802947728
87,gregorian-to-hebrew-date,0.11834430625840157
88,heart-disease,0.10076335877862594
89,illinois-law,0.0064653966288833135
90,imperial_date_to_string,0.41502167659552713
91,integer-sequence-predictions,0.21519746297551742
92,internal_representations,0.006755715386591321
93,invoice_due_date_leap_day_adjustment,0.5513788557518955
94,irish_plural_nouns,0.45229819757796796
95,isosceles-right-triangle,0.034404402849905535
96,italian-new-words,0.2
97,italian_big_math_expression,0.06531110319481233
98,italian_rhyme,0.04156626090620176
99,japanese_mahjong_discard_tile,0.0
100,json_patch_object,0.19416583627773193
101,largest_country,0.30169866690382274
102,last_word_nth,0.16090218479960833
103,latin_grammar,0.1443276664152751
104,linear-regression,0.01297940750975437
105,linear_equations,0.11050106833279214
106,list_comparison_missing_name,0.09339963365315479
107,logic,0.15056635018031334
108,logic-container,0.12825315075815594
109,logic-liar-paradox,0.27717098102104665
110,logical-black-scholes,0.003910345254430214
111,logical_counting,0.01194805194805194
112,logical_reasoning_letter_series_test,0.004952157532117219
113,loss_logic,0.2734152134790615
114,mandaliof-table,0.014253394432779454
115,map-electronic-component-part-to-fact,0.012127415441643974
116,mapping_to_matricies,0.06760406441717076
117,mate-in-one,0.04222676800794443
118,math_for_5th-grader,0.008241814213846977
119,math_logic_operations,0.00920016579859918
120,math_polish,0.05740901421299024
121,matrix_mult_rows,0.0021739130434782596
122,medication_dose,0.020835602182863656
123,mendelian_inheritance,0.100933278298832
124,missing_operators,0.0807468755322571
125,monthly_metric_comparison,0.02413939530264352
126,moral_exceptQA,0.004667629714163768
127,multi-step-equations,0.008032654037925213
128,multistep-word-problems,0.00945642668168809
129,music_theory_scale_modes,0.08750058806422685
130,naughty_strings,0.35154515938679004
131,ner_finance,0.045342100698599765
132,newsology,0.16196871444341582
133,nfl-point-combinations,0.0019032728718614167
134,norwegian-lexicon,0.4
135,norwegian-rhymes,0.051770146669118264
136,number_series_test,0.007051727443677791
137,numbers_game,0.06314876906494929
138,numeral-type-comparisons,0.0015459579010558388
139,ordered-history-events,0.01275628347704807
140,ordering_randomised_versionlist,0.012767933033138158
141,override-system-instruction,0.10139792231255647
142,pantone_to_hex,0.025229535405049096
143,partially_solved_crossword_clues,0.03699895013062225
144,path_enclosed_area,0.012265577083352297
145,ph_calculation,0.016473439841437697
146,physics-interaction,0.04077769354381124
147,poker_analysis,0.0025791964090588816
148,polish-lexicon,0.5
149,polish-proverbs,0.20525217932752177
150,polish-syllable-count,0.007076777567597647
151,polish_rhymes_generation,0.09151767936898411
152,population_span_extraction,0.1608823373101896
153,portuguese-sarcasm,0.2
154,portuguese-syllable-count,0.007700311009848193
155,positive-binary-operations,0.00613904892100382
156,premature-conclusions,0.02937951591997241
157,probabilities-word-problems,0.036103334356000306
158,prompt-injection,0.3954641439528136
159,proofreader,0.07893652077348672
160,python_list_comprehension,0.005683420273678741
161,quartz,0.003264036838161255
162,ral_to_hex,0.019166666666666665
163,rare-and-loanwords-dutch-lexicon,0.2
164,reasoning_with_contradictory_statements,0.0009185507117266178
165,rectangles,0.6
166,recurrence-relation,0.009072785129569716
167,regex-match,0.4088726498465497
168,relative_orientations,0.045161141624050695
169,resistor_ohm_calculator,0.009282404372103648
170,resource_id_extraction,0.08723324695838419
171,reverse-shell,0.003519345230337667
172,reverse-sort-words-eng,0.33070987944588237
173,rhetorical_devices,0.03381856988569158
174,rock-climbing,0.13771753797886202
175,romanian_homonyms,0.20485248349720336
176,rubiks-colors,0.0
177,sarcasm,0.004056865464632453
178,seating_arrangements,0.14172264618814895
179,security_guide,0.1912063076010549
180,seo_keywords,0.06781319783147396
181,shared_border,0.23210103854082859
182,shopping_discount_comparison,0.8833333333333332
183,simple-charting,0.009135758934866489
184,simple_physics_engine,0.02830590506454881
185,singlestore-vectorsearch,0.08903043917544155
186,smiles_to_formula,0.00626559632950409
187,soc_codes,0.09528612736800997
188,solve-for-variable,0.005705713364271137
189,sort_numeric,0.2266176646942523
190,spanish-lexicon,0.4
191,spanish_feminine_noun_masculine_article,0.005358367307238409
192,stats-tests,0.003913985826859668
193,superficialpatterns,0.2079139218294431
194,svg_alphabet,0.0036304027390452022
195,svg_to_text,0.003173663202134902
196,svg_understanding,0.07741364591195041
197,swap-words,0.25465899529976604
198,swedish-spelling,0.08212093184407143
199,syntax-check,0.23999763811854602
200,taxes,0.005499999999999994
201,tempo_to_measure_count,0.005112004365867462
202,test_english_pronunciations,0.5999999999999999
203,test_fuzzy_match,0.05606194690265487
204,track_objects,0.08749878398754804
205,tracking-shuffled-objects,0.22035714285714278
206,tricky-word-problems,0.00868837094869369
207,turkish_characters,0.004348196142899607
208,unified_patch,0.3890452366236096
209,unique_combinations,0.023379389361341964
210,unwanted-rhyming,0.0017627926338761757
211,us_tort_law,0.000785711370025588
212,utah_real_estate,0.032272898448299295
213,utility_price_parsing,0.48315874323574076
214,viewport_to_grid_size,0.006875745969446201
215,vigenere,0.058727360917866546
216,vintage_phone_keyboard_decode,0.0017982605148301523
217,wkt_understanding,0.09178083105449208
